"date","QUANTITY"
2010-01-01,0
2010-01-02,49
2010-01-03,31
2010-01-04,14
2010-01-05,18
2010-01-06,22
2010-01-07,11
2010-01-08,4
2010-01-09,22
2010-01-10,36
2010-01-11,22
2010-01-12,33
2010-01-13,15
2010-01-14,12
2010-01-15,1
2010-01-16,22
2010-01-17,23
2010-01-18,10
2010-01-19,14
2010-01-20,24
2010-01-21,16
2010-01-22,7
2010-01-23,17
2010-01-24,35
2010-01-25,13
2010-01-26,23
2010-01-27,12
2010-01-28,1
2010-01-29,2
2010-01-30,28
2010-01-31,33
2010-02-01,13
2010-02-02,26
2010-02-03,6
2010-02-04,14
2010-02-05,0
2010-02-06,21
2010-02-07,56
2010-02-08,5
2010-02-09,17
2010-02-10,10
2010-02-11,6
2010-02-12,4
2010-02-13,40
2010-02-14,29
2010-02-15,11
2010-02-16,12
2010-02-17,25
2010-02-18,17
2010-02-19,4
2010-02-20,62
2010-02-21,39
2010-02-22,12
2010-02-23,14
2010-02-24,9
2010-02-25,16
2010-02-26,2
2010-02-27,60
2010-02-28,42
2010-03-01,9
2010-03-02,19
2010-03-03,18
2010-03-04,19
2010-03-05,2
2010-03-06,45
2010-03-07,35
2010-03-08,18
2010-03-09,27
2010-03-10,15
2010-03-11,25
2010-03-12,2
2010-03-13,30
2010-03-14,32
2010-03-15,28
2010-03-16,66
2010-03-17,42
2010-03-18,51
2010-03-19,2
2010-03-20,64
2010-03-21,21
2010-03-22,22
2010-03-23,25
2010-03-24,20
2010-03-25,30
2010-03-26,4
2010-03-27,81
2010-03-28,56
2010-03-29,24
2010-03-30,29
2010-03-31,18
2010-04-01,20
2010-04-02,3
2010-04-03,34
2010-04-04,0
2010-04-05,25
2010-04-06,42
2010-04-07,36
2010-04-08,25
2010-04-09,3
2010-04-10,77
2010-04-11,36
2010-04-12,52
2010-04-13,39
2010-04-14,55
2010-04-15,38
2010-04-16,4
2010-04-17,67
2010-04-18,29
2010-04-19,35
2010-04-20,46
2010-04-21,39
2010-04-22,22
2010-04-23,2
2010-04-24,43
2010-04-25,41
2010-04-26,4
2010-04-27,26
2010-04-28,1
2010-04-29,38
2010-04-30,3
2010-05-01,86
2010-05-02,10
2010-05-03,20
2010-05-04,37
2010-05-05,38
2010-05-06,39
2010-05-07,5
2010-05-08,43
2010-05-09,25
2010-05-10,32
2010-05-11,5
2010-05-12,44
2010-05-13,37
2010-05-14,5
2010-05-15,60
2010-05-16,45
2010-05-17,64
2010-05-18,51
2010-05-19,53
2010-05-20,27
2010-05-21,5
2010-05-22,148
2010-05-23,36
2010-05-24,58
2010-05-25,48
2010-05-26,72
2010-05-27,6
2010-05-28,6
2010-05-29,509
2010-05-30,356
2010-05-31,1083
2010-06-01,671
2010-06-02,734
2010-06-03,1017
2010-06-04,1061
2010-06-05,1192
2010-06-06,598
2010-06-07,850
2010-06-08,1133
2010-06-09,961
2010-06-10,966
2010-06-11,945
2010-06-12,588
2010-06-13,295
2010-06-14,642
2010-06-15,675
2010-06-16,531
2010-06-17,737
2010-06-18,609
2010-06-19,758
2010-06-20,212
2010-06-21,716
2010-06-22,528
2010-06-23,802
2010-06-24,724
2010-06-25,700
2010-06-26,465
2010-06-27,278
2010-06-28,405
2010-06-29,520
2010-06-30,615
2010-07-01,515
2010-07-02,590
2010-07-03,388
2010-07-04,112
2010-07-05,693
2010-07-06,662
2010-07-07,299
2010-07-08,419
2010-07-09,588
2010-07-10,593
2010-07-11,185
2010-07-12,498
2010-07-13,643
2010-07-14,530
2010-07-15,414
2010-07-16,729
2010-07-17,683
2010-07-18,354
2010-07-19,629
2010-07-20,745
2010-07-21,685
2010-07-22,553
2010-07-23,536
2010-07-24,150
2010-07-25,60
2010-07-26,87
2010-07-27,426
2010-07-28,309
2010-07-29,332
2010-07-30,413
2010-07-31,210
2010-08-01,116
2010-08-02,446
2010-08-03,548
2010-08-04,484
2010-08-05,438
2010-08-06,402
2010-08-07,464
2010-08-08,281
2010-08-09,483
2010-08-10,490
2010-08-11,523
2010-08-12,394
2010-08-13,348
2010-08-14,519
2010-08-15,192
2010-08-16,39
2010-08-17,40
2010-08-18,34
2010-08-19,31
2010-08-20,10
2010-08-21,81
2010-08-22,47
2010-08-23,7
2010-08-24,28
2010-08-25,27
2010-08-26,21
2010-08-27,10
2010-08-28,40
2010-08-29,34
2010-08-30,22
2010-08-31,23
2010-09-01,19
2010-09-02,17
2010-09-03,4
2010-09-04,46
2010-09-05,32
2010-09-06,22
2010-09-07,14
2010-09-08,22
2010-09-09,20
2010-09-10,3
2010-09-11,63
2010-09-12,10
2010-09-13,16
2010-09-14,20
2010-09-15,26
2010-09-16,14
2010-09-17,4
2010-09-18,36
2010-09-19,35
2010-09-20,10
2010-09-21,30
2010-09-22,18
2010-09-23,9
2010-09-24,3
2010-09-25,34
2010-09-26,19
2010-09-27,10
2010-09-28,18
2010-09-29,11
2010-09-30,22
2010-10-01,3
2010-10-02,24
2010-10-03,15
2010-10-04,13
2010-10-05,18
2010-10-06,18
2010-10-07,18
2010-10-08,2
2010-10-09,20
2010-10-10,12
2010-10-11,10
2010-10-12,31
2010-10-13,14
2010-10-14,19
2010-10-15,3
2010-10-16,16
2010-10-17,11
2010-10-18,17
2010-10-19,22
2010-10-20,12
2010-10-21,11
2010-10-22,2
2010-10-23,24
2010-10-24,14
2010-10-25,8
2010-10-26,13
2010-10-27,11
2010-10-28,7
2010-10-29,3
2010-10-30,15
2010-10-31,14
2010-11-01,6
2010-11-02,17
2010-11-03,15
2010-11-04,15
2010-11-05,3
2010-11-06,20
2010-11-07,23
2010-11-08,8
2010-11-09,9
2010-11-10,19
2010-11-11,8
2010-11-12,4
2010-11-13,10
2010-11-14,15
2010-11-15,9
2010-11-16,10
2010-11-17,9
2010-11-18,3
2010-11-19,2
2010-11-20,21
2010-11-21,16
2010-11-22,6
2010-11-23,3
2010-11-24,6
2010-11-25,0
2010-11-26,3
2010-11-27,7
2010-11-28,12
2010-11-29,8
2010-11-30,10
2010-12-01,10
2010-12-02,5
2010-12-03,2
2010-12-04,29
2010-12-05,9
2010-12-06,13
2010-12-07,15
2010-12-08,14
2010-12-09,5
2010-12-10,2
2010-12-11,20
2010-12-12,12
2010-12-13,6
2010-12-14,15
2010-12-15,6
2010-12-16,7
2010-12-17,3
2010-12-18,22
2010-12-19,15
2010-12-20,23
2010-12-21,25
2010-12-22,24
2010-12-23,16
2010-12-24,4
2010-12-25,0
2010-12-26,18
2010-12-27,16
2010-12-28,28
2010-12-29,26
2010-12-30,23
2010-12-31,8
2011-01-01,0
2011-01-02,20
2011-01-03,27
2011-01-04,30
2011-01-05,20
2011-01-06,7
2011-01-07,3
2011-01-08,51
2011-01-09,16
2011-01-10,19
2011-01-11,15
2011-01-12,11
2011-01-13,9
2011-01-14,3
2011-01-15,45
2011-01-16,16
2011-01-17,19
2011-01-18,6
2011-01-19,28
2011-01-20,23
2011-01-21,1
2011-01-22,72
2011-01-23,19
2011-01-24,31
2011-01-25,21
2011-01-26,15
2011-01-27,15
2011-01-28,4
2011-01-29,37
2011-01-30,42
2011-01-31,13
2011-02-01,0
2011-02-02,8
2011-02-03,0
2011-02-04,0
2011-02-05,10
2011-02-06,0
2011-02-07,0
2011-02-08,12
2011-02-09,15
2011-02-10,6
2011-02-11,5
2011-02-12,31
2011-02-13,15
2011-02-14,14
2011-02-15,8
2011-02-16,35
2011-02-17,18
2011-02-18,6
2011-02-19,43
2011-02-20,23
2011-02-21,14
2011-02-22,10
2011-02-23,29
2011-02-24,20
2011-02-25,4
2011-02-26,42
2011-02-27,10
2011-02-28,17
2011-03-01,18
2011-03-02,25
2011-03-03,39
2011-03-04,6
2011-03-05,40
2011-03-06,38
2011-03-07,21
2011-03-08,29
2011-03-09,30
2011-03-10,36
2011-03-11,4
2011-03-12,67
2011-03-13,24
2011-03-14,63
2011-03-15,50
2011-03-16,72
2011-03-17,67
2011-03-18,4
2011-03-19,99
2011-03-20,33
2011-03-21,47
2011-03-22,23
2011-03-23,25
2011-03-24,16
2011-03-25,4
2011-03-26,64
2011-03-27,23
2011-03-28,35
2011-03-29,16
2011-03-30,4
2011-03-31,0
2011-04-01,0
2011-04-02,0
2011-04-03,0
2011-04-04,0
2011-04-05,0
2011-04-06,0
2011-04-07,25
2011-04-08,6
2011-04-09,83
2011-04-10,18
2011-04-11,23
2011-04-12,22
2011-04-13,17
2011-04-14,21
2011-04-15,5
2011-04-16,66
2011-04-17,32
2011-04-18,42
2011-04-19,28
2011-04-20,33
2011-04-21,36
2011-04-22,5
2011-04-23,88
2011-04-24,0
2011-04-25,31
2011-04-26,24
2011-04-27,17
2011-04-28,18
2011-04-29,18
2011-04-30,87
2011-05-01,16
2011-05-02,20
2011-05-03,20
2011-05-04,56
2011-05-05,25
2011-05-06,4
2011-05-07,61
2011-05-08,31
2011-05-09,30
2011-05-10,34
2011-05-11,23
2011-05-12,1
2011-05-13,6
2011-05-14,97
2011-05-15,49
2011-05-16,43
2011-05-17,39
2011-05-18,17
2011-05-19,22
2011-05-20,96
2011-05-21,111
2011-05-22,37
2011-05-23,33
2011-05-24,51
2011-05-25,57
2011-05-26,32
2011-05-27,140
2011-05-28,363
2011-05-29,178
2011-05-30,609
2011-05-31,494
2011-06-01,619
2011-06-02,517
2011-06-03,579
2011-06-04,714
2011-06-05,365
2011-06-06,788
2011-06-07,626
2011-06-08,838
2011-06-09,686
2011-06-10,659
2011-06-11,746
2011-06-12,358
2011-06-13,646
2011-06-14,687
2011-06-15,738
2011-06-16,748
2011-06-17,566
2011-06-18,792
2011-06-19,239
2011-06-20,363
2011-06-21,744
2011-06-22,574
2011-06-23,768
2011-06-24,706
2011-06-25,935
2011-06-26,476
2011-06-27,913
2011-06-28,867
2011-06-29,914
2011-06-30,686
2011-07-01,741
2011-07-02,895
2011-07-03,418
2011-07-04,713
2011-07-05,744
2011-07-06,913
2011-07-07,956
2011-07-08,829
2011-07-09,857
2011-07-10,393
2011-07-11,548
2011-07-12,653
2011-07-13,702
2011-07-14,622
2011-07-15,675
2011-07-16,792
2011-07-17,283
2011-07-18,586
2011-07-19,656
2011-07-20,697
2011-07-21,642
2011-07-22,564
2011-07-23,781
2011-07-24,388
2011-07-25,448
2011-07-26,658
2011-07-27,585
2011-07-28,621
2011-07-29,263
2011-07-30,357
2011-07-31,238
2011-08-01,514
2011-08-02,487
2011-08-03,472
2011-08-04,518
2011-08-05,324
2011-08-06,591
2011-08-07,337
2011-08-08,556
2011-08-09,547
2011-08-10,507
2011-08-11,356
2011-08-12,535
2011-08-13,385
2011-08-14,239
2011-08-15,50
2011-08-16,43
2011-08-17,13
2011-08-18,20
2011-08-19,6
2011-08-20,71
2011-08-21,52
2011-08-22,41
2011-08-23,51
2011-08-24,11
2011-08-25,22
2011-08-26,5
2011-08-27,62
2011-08-28,46
2011-08-29,32
2011-08-30,17
2011-08-31,12
2011-09-01,12
2011-09-02,4
2011-09-03,45
2011-09-04,27
2011-09-05,26
2011-09-06,20
2011-09-07,18
2011-09-08,22
2011-09-09,5
2011-09-10,55
2011-09-11,20
2011-09-12,9
2011-09-13,21
2011-09-14,13
2011-09-15,14
2011-09-16,4
2011-09-17,32
2011-09-18,20
2011-09-19,19
2011-09-20,18
2011-09-21,11
2011-09-22,18
2011-09-23,6
2011-09-24,13
2011-09-25,19
2011-09-26,24
2011-09-27,10
2011-09-28,14
2011-09-29,18
2011-09-30,3
2011-10-01,48
2011-10-02,58
2011-10-03,13
2011-10-04,8
2011-10-05,13
2011-10-06,7
2011-10-07,5
2011-10-08,28
2011-10-09,32
2011-10-10,11
2011-10-11,15
2011-10-12,23
2011-10-13,10
2011-10-14,5
2011-10-15,22
2011-10-16,35
2011-10-17,9
2011-10-18,21
2011-10-19,12
2011-10-20,25
2011-10-21,7
2011-10-22,44
2011-10-23,39
2011-10-24,14
2011-10-25,14
2011-10-26,11
2011-10-27,10
2011-10-28,9
2011-10-29,20
2011-10-30,13
2011-10-31,5
2011-11-01,10
2011-11-02,10
2011-11-03,11
2011-11-04,4
2011-11-05,18
2011-11-06,21
2011-11-07,11
2011-11-08,7
2011-11-09,9
2011-11-10,14
2011-11-11,6
2011-11-12,24
2011-11-13,23
2011-11-14,17
2011-11-15,16
2011-11-16,14
2011-11-17,10
2011-11-18,3
2011-11-19,27
2011-11-20,36
2011-11-21,12
2011-11-22,14
2011-11-23,12
2011-11-24,0
2011-11-25,5
2011-11-26,25
2011-11-27,36
2011-11-28,29
2011-11-29,18
2011-11-30,19
2011-12-01,14
2011-12-02,5
2011-12-03,24
2011-12-04,29
2011-12-05,6
2011-12-06,13
2011-12-07,16
2011-12-08,11
2011-12-09,4
2011-12-10,43
2011-12-11,37
2011-12-12,22
2011-12-13,13
2011-12-14,8
2011-12-15,10
2011-12-16,2
2011-12-17,20
2011-12-18,43
2011-12-19,8
2011-12-20,7
2011-12-21,13
2011-12-22,4
2011-12-23,0
2011-12-24,0
2011-12-25,0
2011-12-26,19
2011-12-27,11
2011-12-28,28
2011-12-29,12
2011-12-30,34
2011-12-31,0
2012-01-01,0
2012-01-02,27
2012-01-03,12
2012-01-04,24
2012-01-05,24
2012-01-06,5
2012-01-07,48
2012-01-08,74
2012-01-09,25
2012-01-10,8
2012-01-11,13
2012-01-12,46
2012-01-13,10
2012-01-14,26
2012-01-15,64
2012-01-16,26
2012-01-17,27
2012-01-18,23
2012-01-19,21
2012-01-20,4
2012-01-21,27
2012-01-22,33
2012-01-23,19
2012-01-24,12
2012-01-25,11
2012-01-26,28
2012-01-27,6
2012-01-28,27
2012-01-29,50
2012-01-30,32
2012-01-31,24
2012-02-01,14
2012-02-02,18
2012-02-03,8
2012-02-04,31
2012-02-05,37
2012-02-06,30
2012-02-07,16
2012-02-08,21
2012-02-09,23
2012-02-10,4
2012-02-11,37
2012-02-12,31
2012-02-13,15
2012-02-14,13
2012-02-15,11
2012-02-16,12
2012-02-17,5
2012-02-18,28
2012-02-19,39
2012-02-20,24
2012-02-21,25
2012-02-22,28
2012-02-23,13
2012-02-24,6
2012-02-25,49
2012-02-26,59
2012-02-27,26
2012-02-28,28
2012-02-29,17
2012-03-01,8
2012-03-02,5
2012-03-03,42
2012-03-04,17
2012-03-05,24
2012-03-06,28
2012-03-07,32
2012-03-08,17
2012-03-09,9
2012-03-10,25
2012-03-11,65
2012-03-12,51
2012-03-13,67
2012-03-14,84
2012-03-15,87
2012-03-16,4
2012-03-17,69
2012-03-18,32
2012-03-19,29
2012-03-20,31
2012-03-21,37
2012-03-22,35
2012-03-23,6
2012-03-24,88
2012-03-25,40
2012-03-26,52
2012-03-27,42
2012-03-28,56
2012-03-29,59
2012-03-30,7
2012-03-31,119
2012-04-01,43
2012-04-02,18
2012-04-03,29
2012-04-04,31
2012-04-05,38
2012-04-06,4
2012-04-07,0
2012-04-08,0
2012-04-09,46
2012-04-10,51
2012-04-11,48
2012-04-12,34
2012-04-13,2
2012-04-14,74
2012-04-15,20
2012-04-16,36
2012-04-17,43
2012-04-18,35
2012-04-19,42
2012-04-20,6
2012-04-21,86
2012-04-22,60
2012-04-23,3
2012-04-24,48
2012-04-25,88
2012-04-26,20
2012-04-27,7
2012-04-28,64
2012-04-29,57
2012-04-30,55
2012-05-01,63
2012-05-02,27
2012-05-03,24
2012-05-04,5
2012-05-05,105
2012-05-06,193
2012-05-07,47
2012-05-08,0
2012-05-09,0
2012-05-10,0
2012-05-11,0
2012-05-12,62
2012-05-13,26
2012-05-14,22
2012-05-15,53
2012-05-16,43
2012-05-17,71
2012-05-18,4
2012-05-19,112
2012-05-20,56
2012-05-21,70
2012-05-22,57
2012-05-23,65
2012-05-24,64
2012-05-25,6
2012-05-26,475
2012-05-27,211
2012-05-28,946
2012-05-29,646
2012-05-30,791
2012-05-31,878
2012-06-01,799
2012-06-02,869
2012-06-03,470
2012-06-04,447
2012-06-05,771
2012-06-06,990
2012-06-07,994
2012-06-08,946
2012-06-09,795
2012-06-10,570
2012-06-11,730
2012-06-12,817
2012-06-13,926
2012-06-14,791
2012-06-15,799
2012-06-16,582
2012-06-17,417
2012-06-18,799
2012-06-19,843
2012-06-20,855
2012-06-21,674
2012-06-22,908
2012-06-23,831
2012-06-24,591
2012-06-25,776
2012-06-26,976
2012-06-27,749
2012-06-28,781
2012-06-29,712
2012-06-30,888
2012-07-01,480
2012-07-02,635
2012-07-03,683
2012-07-04,623
2012-07-05,369
2012-07-06,359
2012-07-07,281
2012-07-08,336
2012-07-09,396
2012-07-10,461
2012-07-11,555
2012-07-12,558
2012-07-13,564
2012-07-14,740
2012-07-15,405
2012-07-16,600
2012-07-17,562
2012-07-18,561
2012-07-19,525
2012-07-20,647
2012-07-21,700
2012-07-22,251
2012-07-23,472
2012-07-24,479
2012-07-25,536
2012-07-26,358
2012-07-27,512
2012-07-28,636
2012-07-29,359
2012-07-30,487
2012-07-31,520
2012-08-01,580
2012-08-02,611
2012-08-03,494
2012-08-04,514
2012-08-05,249
2012-08-06,479
2012-08-07,463
2012-08-08,397
2012-08-09,524
2012-08-10,440
2012-08-11,659
2012-08-12,306
2012-08-13,46
2012-08-14,31
2012-08-15,52
2012-08-16,17
2012-08-17,21
2012-08-18,91
2012-08-19,141
2012-08-20,30
2012-08-21,46
2012-08-22,27
2012-08-23,30
2012-08-24,7
2012-08-25,72
2012-08-26,109
2012-08-27,51
2012-08-28,28
2012-08-29,36
2012-08-30,28
2012-08-31,6
2012-09-01,45
2012-09-02,104
2012-09-03,49
2012-09-04,22
2012-09-05,21
2012-09-06,22
2012-09-07,7
2012-09-08,39
2012-09-09,84
2012-09-10,34
2012-09-11,33
2012-09-12,27
2012-09-13,26
2012-09-14,42
2012-09-15,48
2012-09-16,50
2012-09-17,0
2012-09-18,0
2012-09-19,0
2012-09-20,0
2012-09-21,0
2012-09-22,36
2012-09-23,48
2012-09-24,20
2012-09-25,28
2012-09-26,26
2012-09-27,10
2012-09-28,3
2012-09-29,25
2012-09-30,45
2012-10-01,37
2012-10-02,29
2012-10-03,27
2012-10-04,10
2012-10-05,8
2012-10-06,25
2012-10-07,42
2012-10-08,13
2012-10-09,22
2012-10-10,26
2012-10-11,9
2012-10-12,4
2012-10-13,17
2012-10-14,32
2012-10-15,19
2012-10-16,12
2012-10-17,21
2012-10-18,11
2012-10-19,5
2012-10-20,22
2012-10-21,30
2012-10-22,15
2012-10-23,22
2012-10-24,10
2012-10-25,10
2012-10-26,5
2012-10-27,44
2012-10-28,35
2012-10-29,10
2012-10-30,15
2012-10-31,8
2012-11-01,15
2012-11-02,5
2012-11-03,38
2012-11-04,37
2012-11-05,16
2012-11-06,15
2012-11-07,13
2012-11-08,14
2012-11-09,4
2012-11-10,10
2012-11-11,34
2012-11-12,15
2012-11-13,15
2012-11-14,15
2012-11-15,10
2012-11-16,6
2012-11-17,20
2012-11-18,22
2012-11-19,19
2012-11-20,23
2012-11-21,16
2012-11-22,0
2012-11-23,5
2012-11-24,31
2012-11-25,28
2012-11-26,19
2012-11-27,9
2012-11-28,19
2012-11-29,11
2012-11-30,9
2012-12-01,45
2012-12-02,32
2012-12-03,18
2012-12-04,19
2012-12-05,15
2012-12-06,8
2012-12-07,6
2012-12-08,33
2012-12-09,23
2012-12-10,7
2012-12-11,11
2012-12-12,26
2012-12-13,5
2012-12-14,4
2012-12-15,14
2012-12-16,23
2012-12-17,12
2012-12-18,10
2012-12-19,11
2012-12-20,14
2012-12-21,8
2012-12-22,33
2012-12-23,33
2012-12-24,6
2012-12-25,0
2012-12-26,37
2012-12-27,33
2012-12-28,12
2012-12-29,43
2012-12-30,16
2012-12-31,6
2013-01-01,0
2013-01-02,36
2013-01-03,14
2013-01-04,10
2013-01-05,32
2013-01-06,40
2013-01-07,12
2013-01-08,17
2013-01-09,17
2013-01-10,19
2013-01-11,9
2013-01-12,37
2013-01-13,52
2013-01-14,3
2013-01-15,9
2013-01-16,13
2013-01-17,12
2013-01-18,3
2013-01-19,51
2013-01-20,53
2013-01-21,14
2013-01-22,8
2013-01-23,17
2013-01-24,13
2013-01-25,5
2013-01-26,29
2013-01-27,49
2013-01-28,8
2013-01-29,23
2013-01-30,17
2013-01-31,11
2013-02-01,6
2013-02-02,46
2013-02-03,54
2013-02-04,11
2013-02-05,20
2013-02-06,16
2013-02-07,16
2013-02-08,5
2013-02-09,40
2013-02-10,54
2013-02-11,10
2013-02-12,10
2013-02-13,10
2013-02-14,8
2013-02-15,2
2013-02-16,53
2013-02-17,33
2013-02-18,21
2013-02-19,20
2013-02-20,28
2013-02-21,7
2013-02-22,6
2013-02-23,30
2013-02-24,50
2013-02-25,13
2013-02-26,11
2013-02-27,4
2013-02-28,19
2013-03-01,4
2013-03-02,59
2013-03-03,63
2013-03-04,18
2013-03-05,9
2013-03-06,22
2013-03-07,29
2013-03-08,8
2013-03-09,64
2013-03-10,71
2013-03-11,73
2013-03-12,101
2013-03-13,79
2013-03-14,86
2013-03-15,5
2013-03-16,94
2013-03-17,87
2013-03-18,35
2013-03-19,33
2013-03-20,40
2013-03-21,44
2013-03-22,2
2013-03-23,46
2013-03-24,51
2013-03-25,21
2013-03-26,44
2013-03-27,24
2013-03-28,25
2013-03-29,5
2013-03-30,40
2013-03-31,0
2013-04-01,43
2013-04-02,43
2013-04-03,32
2013-04-04,23
2013-04-05,7
2013-04-06,90
2013-04-07,76
2013-04-08,35
2013-04-09,22
2013-04-10,40
2013-04-11,24
2013-04-12,8
2013-04-13,83
2013-04-14,79
2013-04-15,38
2013-04-16,31
2013-04-17,26
2013-04-18,17
2013-04-19,8
2013-04-20,55
2013-04-21,94
2013-04-22,43
2013-04-23,6
2013-04-24,35
2013-04-25,18
2013-04-26,7
2013-04-27,94
2013-04-28,131
2013-04-29,48
2013-04-30,42
2013-05-01,52
2013-05-02,35
2013-05-03,4
2013-05-04,102
2013-05-05,96
2013-05-06,19
2013-05-07,32
2013-05-08,9
2013-05-09,33
2013-05-10,3
2013-05-11,66
2013-05-12,92
2013-05-13,44
2013-05-14,20
2013-05-15,48
2013-05-16,50
2013-05-17,3
2013-05-18,78
2013-05-19,108
2013-05-20,46
2013-05-21,42
2013-05-22,62
2013-05-23,122
2013-05-24,7
2013-05-25,805
2013-05-26,307
2013-05-27,846
2013-05-28,769
2013-05-29,713
2013-05-30,767
2013-05-31,827
2013-06-01,927
2013-06-02,287
2013-06-03,712
2013-06-04,904
2013-06-05,772
2013-06-06,867
2013-06-07,914
2013-06-08,1140
2013-06-09,543
2013-06-10,898
2013-06-11,1016
2013-06-12,807
2013-06-13,805
2013-06-14,734
2013-06-15,886
2013-06-16,370
2013-06-17,767
2013-06-18,663
2013-06-19,720
2013-06-20,866
2013-06-21,800
2013-06-22,954
2013-06-23,409
2013-06-24,651
2013-06-25,584
2013-06-26,558
2013-06-27,773
2013-06-28,712
2013-06-29,737
2013-06-30,441
2013-07-01,529
2013-07-02,591
2013-07-03,484
2013-07-04,572
2013-07-05,566
2013-07-06,560
2013-07-07,440
2013-07-08,521
2013-07-09,583
2013-07-10,744
2013-07-11,455
2013-07-12,511
2013-07-13,764
2013-07-14,430
2013-07-15,117
2013-07-16,249
2013-07-17,433
2013-07-18,482
2013-07-19,429
2013-07-20,416
2013-07-21,324
2013-07-22,420
2013-07-23,551
2013-07-24,276
2013-07-25,405
2013-07-26,375
2013-07-27,344
2013-07-28,187
2013-07-29,365
2013-07-30,565
2013-07-31,561
2013-08-01,309
2013-08-02,384
2013-08-03,483
2013-08-04,322
2013-08-05,539
2013-08-06,545
2013-08-07,359
2013-08-08,414
2013-08-09,315
2013-08-10,377
2013-08-11,194
2013-08-12,37
2013-08-13,30
2013-08-14,30
2013-08-15,28
2013-08-16,9
2013-08-17,101
2013-08-18,102
2013-08-19,24
2013-08-20,5
2013-08-21,37
2013-08-22,46
2013-08-23,5
2013-08-24,63
2013-08-25,84
2013-08-26,29
2013-08-27,25
2013-08-28,41
2013-08-29,13
2013-08-30,10
2013-08-31,80
2013-09-01,115
2013-09-02,27
2013-09-03,15
2013-09-04,11
2013-09-05,21
2013-09-06,3
2013-09-07,66
2013-09-08,76
2013-09-09,17
2013-09-10,8
2013-09-11,22
2013-09-12,16
2013-09-13,4
2013-09-14,26
2013-09-15,48
2013-09-16,32
2013-09-17,24
2013-09-18,18
2013-09-19,11
2013-09-20,3
2013-09-21,35
2013-09-22,40
2013-09-23,17
2013-09-24,17
2013-09-25,27
2013-09-26,17
2013-09-27,9
2013-09-28,26
2013-09-29,31
2013-09-30,22
2013-10-01,17
2013-10-02,16
2013-10-03,18
2013-10-04,5
2013-10-05,17
2013-10-06,21
2013-10-07,22
2013-10-08,12
2013-10-09,28
2013-10-10,24
2013-10-11,4
2013-10-12,46
2013-10-13,19
2013-10-14,21
2013-10-15,15
2013-10-16,40
2013-10-17,20
2013-10-18,14
2013-10-19,28
2013-10-20,44
2013-10-21,19
2013-10-22,22
2013-10-23,20
2013-10-24,22
2013-10-25,6
2013-10-26,26
2013-10-27,25
2013-10-28,20
2013-10-29,24
2013-10-30,15
2013-10-31,16
2013-11-01,7
2013-11-02,35
2013-11-03,26
2013-11-04,14
2013-11-05,18
2013-11-06,15
2013-11-07,17
2013-11-08,6
2013-11-09,21
2013-11-10,34
2013-11-11,14
2013-11-12,19
2013-11-13,17
2013-11-14,17
2013-11-15,5
2013-11-16,31
2013-11-17,34
2013-11-18,10
2013-11-19,23
2013-11-20,6
2013-11-21,12
2013-11-22,4
2013-11-23,37
2013-11-24,15
2013-11-25,8
2013-11-26,14
2013-11-27,15
2013-11-28,0
2013-11-29,13
2013-11-30,22
2013-12-01,22
2013-12-02,14
2013-12-03,23
2013-12-04,13
2013-12-05,0
2013-12-06,6
2013-12-07,34
2013-12-08,23
2013-12-09,4
2013-12-10,16
2013-12-11,16
2013-12-12,11
2013-12-13,10
2013-12-14,26
2013-12-15,25
2013-12-16,16
2013-12-17,20
2013-12-18,12
2013-12-19,17
2013-12-20,7
2013-12-21,21
2013-12-22,26
2013-12-23,20
2013-12-24,7
2013-12-25,0
2013-12-26,24
2013-12-27,10
2013-12-28,36
2013-12-29,54
2013-12-30,24
2013-12-31,11
2014-01-01,0
2014-01-02,40
2014-01-03,5
2014-01-04,34
2014-01-05,47
2014-01-06,25
2014-01-07,17
2014-01-08,30
2014-01-09,11
2014-01-10,8
2014-01-11,33
2014-01-12,50
2014-01-13,9
2014-01-14,24
2014-01-15,18
2014-01-16,16
2014-01-17,6
2014-01-18,53
2014-01-19,49
2014-01-20,12
2014-01-21,26
2014-01-22,20
2014-01-23,20
2014-01-24,8
2014-01-25,70
2014-01-26,48
2014-01-27,13
2014-01-28,27
2014-01-29,14
2014-01-30,27
2014-01-31,9
2014-02-01,44
2014-02-02,39
2014-02-03,17
2014-02-04,25
2014-02-05,9
2014-02-06,13
2014-02-07,7
2014-02-08,48
2014-02-09,51
2014-02-10,22
2014-02-11,21
2014-02-12,15
2014-02-13,13
2014-02-14,3
2014-02-15,69
2014-02-16,86
2014-02-17,33
2014-02-18,37
2014-02-19,21
2014-02-20,22
2014-02-21,4
2014-02-22,59
2014-02-23,69
2014-02-24,17
2014-02-25,28
2014-02-26,12
2014-02-27,34
2014-02-28,2
2014-03-01,44
2014-03-02,58
2014-03-03,29
2014-03-04,30
2014-03-05,19
2014-03-06,26
2014-03-07,92
2014-03-08,40
2014-03-09,88
2014-03-10,25
2014-03-11,41
2014-03-12,23
2014-03-13,29
2014-03-14,97
2014-03-15,39
2014-03-16,77
2014-03-17,31
2014-03-18,26
2014-03-19,13
2014-03-20,37
2014-03-21,3
2014-03-22,31
2014-03-23,103
2014-03-24,36
2014-03-25,30
2014-03-26,23
2014-03-27,26
2014-03-28,86
2014-03-29,79
2014-03-30,72
2014-03-31,23
2014-04-01,29
2014-04-02,20
2014-04-03,28
2014-04-04,6
2014-04-05,54
2014-04-06,86
2014-04-07,42
2014-04-08,51
2014-04-09,58
2014-04-10,34
2014-04-11,101
2014-04-12,68
2014-04-13,84
2014-04-14,39
2014-04-15,84
2014-04-16,75
2014-04-17,53
2014-04-18,8
2014-04-19,57
2014-04-20,0
2014-04-21,40
2014-04-22,43
2014-04-23,54
2014-04-24,34
2014-04-25,135
2014-04-26,80
2014-04-27,72
2014-04-28,37
2014-04-29,33
2014-04-30,22
2014-05-01,25
2014-05-02,73
2014-05-03,88
2014-05-04,120
2014-05-05,49
2014-05-06,46
2014-05-07,25
2014-05-08,18
2014-05-09,8
2014-05-10,79
2014-05-11,32
2014-05-12,20
2014-05-13,22
2014-05-14,20
2014-05-15,26
2014-05-16,4
2014-05-17,140
2014-05-18,145
2014-05-19,71
2014-05-20,48
2014-05-21,40
2014-05-22,69
2014-05-23,4
2014-05-24,71
2014-05-25,89
2014-05-26,328
2014-05-27,683
2014-05-28,946
2014-05-29,672
2014-05-30,592
2014-05-31,959
2014-06-01,466
2014-06-02,955
2014-06-03,980
2014-06-04,1081
2014-06-05,1023
2014-06-06,928
2014-06-07,856
2014-06-08,453
2014-06-09,874
2014-06-10,712
2014-06-11,506
2014-06-12,705
2014-06-13,479
2014-06-14,605
2014-06-15,322
2014-06-16,663
2014-06-17,467
2014-06-18,467
2014-06-19,821
2014-06-20,898
2014-06-21,946
2014-06-22,485
2014-06-23,806
2014-06-24,640
2014-06-25,842
2014-06-26,799
2014-06-27,735
2014-06-28,1014
2014-06-29,418
2014-06-30,742
2014-07-01,524
2014-07-02,538
2014-07-03,723
2014-07-04,453
2014-07-05,777
2014-07-06,452
2014-07-07,669
2014-07-08,497
2014-07-09,498
2014-07-10,730
2014-07-11,603
2014-07-12,733
2014-07-13,212
2014-07-14,578
2014-07-15,187
2014-07-16,531
2014-07-17,455
2014-07-18,648
2014-07-19,750
2014-07-20,448
2014-07-21,576
2014-07-22,662
2014-07-23,463
2014-07-24,636
2014-07-25,671
2014-07-26,810
2014-07-27,213
2014-07-28,336
2014-07-29,301
2014-07-30,548
2014-07-31,397
2014-08-01,307
2014-08-02,185
2014-08-03,172
2014-08-04,243
2014-08-05,497
2014-08-06,557
2014-08-07,182
2014-08-08,494
2014-08-09,287
2014-08-10,294
2014-08-11,27
2014-08-12,43
2014-08-13,28
2014-08-14,25
2014-08-15,7
2014-08-16,61
2014-08-17,132
2014-08-18,30
2014-08-19,24
2014-08-20,35
2014-08-21,38
2014-08-22,12
2014-08-23,46
2014-08-24,103
2014-08-25,22
2014-08-26,68
2014-08-27,15
2014-08-28,21
2014-08-29,8
2014-08-30,53
2014-08-31,84
2014-09-01,56
2014-09-02,21
2014-09-03,0
2014-09-04,0
2014-09-05,0
2014-09-06,0
2014-09-07,44
2014-09-08,26
2014-09-09,22
2014-09-10,13
2014-09-11,21
2014-09-12,11
2014-09-13,23
2014-09-14,40
2014-09-15,10
2014-09-16,8
2014-09-17,22
2014-09-18,21
2014-09-19,13
2014-09-20,67
2014-09-21,34
2014-09-22,6
2014-09-23,20
2014-09-24,14
2014-09-25,30
2014-09-26,12
2014-09-27,54
2014-09-28,52
2014-09-29,19
2014-09-30,19
2014-10-01,8
2014-10-02,9
2014-10-03,5
2014-10-04,28
2014-10-05,49
2014-10-06,18
2014-10-07,16
2014-10-08,17
2014-10-09,26
2014-10-10,4
2014-10-11,25
2014-10-12,37
2014-10-13,42
2014-10-14,16
2014-10-15,28
2014-10-16,38
2014-10-17,4
2014-10-18,39
2014-10-19,41
2014-10-20,12
2014-10-21,37
2014-10-22,27
2014-10-23,17
2014-10-24,3
2014-10-25,35
2014-10-26,30
2014-10-27,15
2014-10-28,9
2014-10-29,18
2014-10-30,18
2014-10-31,7
2014-11-01,46
2014-11-02,28
2014-11-03,13
2014-11-04,15
2014-11-05,8
2014-11-06,11
2014-11-07,6
2014-11-08,35
2014-11-09,38
2014-11-10,23
2014-11-11,22
2014-11-12,19
2014-11-13,18
2014-11-14,7
2014-11-15,21
2014-11-16,58
2014-11-17,16
2014-11-18,14
2014-11-19,23
2014-11-20,14
2014-11-21,8
2014-11-22,19
2014-11-23,38
2014-11-24,17
2014-11-25,13
2014-11-26,9
2014-11-27,0
2014-11-28,8
2014-11-29,35
2014-11-30,25
2014-12-01,15
2014-12-02,10
2014-12-03,11
2014-12-04,15
2014-12-05,8
2014-12-06,29
2014-12-07,48
2014-12-08,13
2014-12-09,13
2014-12-10,10
2014-12-11,14
2014-12-12,7
2014-12-13,28
2014-12-14,22
2014-12-15,13
2014-12-16,15
2014-12-17,6
2014-12-18,23
2014-12-19,10
2014-12-20,31
2014-12-21,28
2014-12-22,40
2014-12-23,16
2014-12-24,15
2014-12-25,0
2014-12-26,5
2014-12-27,29
2014-12-28,28
2014-12-29,9
2014-12-30,0
2014-12-31,0
2015-01-01,0
2015-01-02,6
2015-01-03,34
2015-01-04,32
2015-01-05,16
2015-01-06,11
2015-01-07,11
2015-01-08,13
2015-01-09,6
2015-01-10,35
2015-01-11,42
2015-01-12,17
2015-01-13,15
2015-01-14,12
2015-01-15,14
2015-01-16,20
2015-01-17,31
2015-01-18,38
2015-01-19,9
2015-01-20,12
2015-01-21,4
2015-01-22,6
2015-01-23,0
2015-01-24,31
2015-01-25,35
2015-01-26,11
2015-01-27,11
2015-01-28,19
2015-01-29,5
2015-01-30,0
2015-01-31,36
2015-02-01,40
2015-02-02,7
2015-02-03,18
2015-02-04,12
2015-02-05,10
2015-02-06,4
2015-02-07,60
2015-02-08,80
2015-02-09,17
2015-02-10,22
2015-02-11,40
2015-02-12,21
2015-02-13,1
2015-02-14,18
2015-02-15,60
2015-02-16,22
2015-02-17,26
2015-02-18,11
2015-02-19,14
2015-02-20,5
2015-02-21,47
2015-02-22,34
2015-02-23,12
2015-02-24,17
2015-02-25,14
2015-02-26,28
2015-02-27,0
2015-02-28,0
2015-03-01,36
2015-03-02,23
2015-03-03,25
2015-03-04,17
2015-03-05,20
2015-03-06,10
2015-03-07,43
2015-03-08,71
2015-03-09,22
2015-03-10,24
2015-03-11,19
2015-03-12,22
2015-03-13,8
2015-03-14,52
2015-03-15,63
2015-03-16,32
2015-03-17,19
2015-03-18,27
2015-03-19,18
2015-03-20,11
2015-03-21,65
2015-03-22,57
2015-03-23,37
2015-03-24,25
2015-03-25,34
2015-03-26,27
2015-03-27,9
2015-03-28,61
2015-03-29,131
2015-03-30,74
2015-03-31,73
2015-04-01,99
2015-04-02,80
2015-04-03,15
2015-04-04,78
2015-04-05,0
2015-04-06,43
2015-04-07,17
2015-04-08,26
2015-04-09,37
2015-04-10,7
2015-04-11,112
2015-04-12,59
2015-04-13,27
2015-04-14,26
2015-04-15,5
2015-04-16,0
2015-04-17,0
2015-04-18,50
2015-04-19,68
2015-04-20,32
2015-04-21,28
2015-04-22,30
2015-04-23,0
2015-04-24,6
2015-04-25,40
2015-04-26,65
2015-04-27,31
2015-04-28,32
2015-04-29,48
2015-04-30,32
2015-05-01,9
2015-05-02,72
2015-05-03,152
2015-05-04,16
2015-05-05,24
2015-05-06,24
2015-05-07,37
2015-05-08,8
2015-05-09,54
2015-05-10,22
2015-05-11,35
2015-05-12,32
2015-05-13,31
2015-05-14,26
2015-05-15,4
2015-05-16,77
2015-05-17,77
2015-05-18,15
2015-05-19,50
2015-05-20,63
2015-05-21,15
2015-05-22,9
2015-05-23,188
2015-05-24,104
2015-05-25,234
2015-05-26,297
2015-05-27,419
2015-05-28,530
2015-05-29,646
2015-05-30,587
2015-05-31,455
2015-06-01,893
2015-06-02,958
2015-06-03,899
2015-06-04,809
2015-06-05,575
2015-06-06,564
2015-06-07,407
2015-06-08,789
2015-06-09,677
2015-06-10,785
2015-06-11,875
2015-06-12,774
2015-06-13,421
2015-06-14,523
2015-06-15,641
2015-06-16,864
2015-06-17,845
2015-06-18,830
2015-06-19,698
2015-06-20,987
2015-06-21,517
2015-06-22,814
2015-06-23,865
2015-06-24,860
2015-06-25,774
2015-06-26,633
2015-06-27,777
2015-06-28,526
2015-06-29,614
2015-06-30,728
2015-07-01,669
2015-07-02,583
2015-07-03,615
2015-07-04,399
2015-07-05,350
2015-07-06,630
2015-07-07,322
2015-07-08,427
2015-07-09,192
2015-07-10,387
2015-07-11,440
2015-07-12,282
2015-07-13,466
2015-07-14,514
2015-07-15,480
2015-07-16,614
2015-07-17,282
2015-07-18,603
2015-07-19,403
2015-07-20,423
2015-07-21,516
2015-07-22,581
2015-07-23,530
2015-07-24,628
2015-07-25,592
2015-07-26,412
2015-07-27,470
2015-07-28,522
2015-07-29,170
2015-07-30,180
2015-07-31,335
2015-08-01,475
2015-08-02,311
2015-08-03,414
2015-08-04,491
2015-08-05,508
2015-08-06,489
2015-08-07,393
2015-08-08,382
2015-08-09,335
2015-08-10,25
2015-08-11,45
2015-08-12,43
2015-08-13,25
2015-08-14,7
2015-08-15,115
2015-08-16,124
2015-08-17,25
2015-08-18,31
2015-08-19,35
2015-08-20,19
2015-08-21,8
2015-08-22,50
2015-08-23,81
2015-08-24,39
2015-08-25,18
2015-08-26,4
2015-08-27,39
2015-08-28,2
2015-08-29,87
2015-08-30,89
2015-08-31,6
2015-09-01,32
2015-09-02,19
2015-09-03,37
2015-09-04,7
2015-09-05,43
2015-09-06,81
2015-09-07,14
2015-09-08,35
2015-09-09,18
2015-09-10,31
2015-09-11,1
2015-09-12,64
2015-09-13,54
2015-09-14,20
2015-09-15,30
2015-09-16,11
2015-09-17,27
2015-09-18,4
2015-09-19,31
2015-09-20,59
2015-09-21,21
2015-09-22,17
2015-09-23,20
2015-09-24,14
2015-09-25,7
2015-09-26,50
2015-09-27,39
2015-09-28,27
2015-09-29,21
2015-09-30,28
2015-10-01,22
2015-10-02,23
2015-10-03,45
2015-10-04,36
2015-10-05,26
2015-10-06,14
2015-10-07,34
2015-10-08,34
2015-10-09,5
2015-10-10,29
2015-10-11,39
2015-10-12,26
2015-10-13,22
2015-10-14,25
2015-10-15,29
2015-10-16,2
2015-10-17,37
2015-10-18,44
2015-10-19,21
2015-10-20,13
2015-10-21,17
2015-10-22,18
2015-10-23,8
2015-10-24,21
2015-10-25,37
2015-10-26,19
2015-10-27,16
2015-10-28,17
2015-10-29,11
2015-10-30,5
2015-10-31,18
2015-11-01,64
2015-11-02,21
2015-11-03,28
2015-11-04,16
2015-11-05,21
2015-11-06,8
2015-11-07,18
2015-11-08,39
2015-11-09,17
2015-11-10,19
2015-11-11,10
2015-11-12,17
2015-11-13,6
2015-11-14,39
2015-11-15,26
2015-11-16,8
2015-11-17,12
2015-11-18,12
2015-11-19,14
2015-11-20,7
2015-11-21,55
2015-11-22,40
2015-11-23,15
2015-11-24,17
2015-11-25,12
2015-11-26,0
2015-11-27,7
2015-11-28,37
2015-11-29,28
2015-11-30,10
2015-12-01,18
2015-12-02,14
2015-12-03,17
2015-12-04,3
2015-12-05,43
2015-12-06,56
2015-12-07,18
2015-12-08,11
2015-12-09,12
2015-12-10,18
2015-12-11,6
2015-12-12,36
2015-12-13,20
2015-12-14,11
2015-12-15,21
2015-12-16,23
2015-12-17,27
2015-12-18,17
2015-12-19,25
2015-12-20,31
2015-12-21,19
2015-12-22,22
2015-12-23,37
2015-12-24,16
2015-12-25,0
2015-12-26,29
2015-12-27,0
2015-12-28,16
2015-12-29,32
2015-12-30,15
2015-12-31,16
2016-01-01,0
2016-01-02,16
2016-01-03,32
2016-01-04,19
2016-01-05,14
2016-01-06,18
2016-01-07,17
2016-01-08,3
2016-01-09,28
2016-01-10,29
2016-01-11,13
2016-01-12,12
2016-01-13,20
2016-01-14,20
2016-01-15,6
2016-01-16,45
2016-01-17,49
2016-01-18,15
2016-01-19,15
2016-01-20,14
2016-01-21,10
2016-01-22,7
2016-01-23,69
2016-01-24,75
2016-01-25,14
2016-01-26,20
2016-01-27,22
2016-01-28,18
2016-01-29,4
2016-01-30,27
2016-01-31,47
2016-02-01,19
2016-02-02,17
2016-02-03,25
2016-02-04,17
2016-02-05,8
2016-02-06,46
2016-02-07,34
2016-02-08,21
2016-02-09,20
2016-02-10,21
2016-02-11,20
2016-02-12,3
2016-02-13,34
2016-02-14,43
2016-02-15,28
2016-02-16,33
2016-02-17,40
2016-02-18,16
2016-02-19,4
2016-02-20,45
2016-02-21,86
2016-02-22,16
2016-02-23,11
2016-02-24,13
2016-02-25,30
2016-02-26,5
2016-02-27,55
2016-02-28,58
2016-02-29,33
2016-03-01,37
2016-03-02,15
2016-03-03,21
2016-03-04,9
2016-03-05,54
2016-03-06,68
2016-03-07,42
2016-03-08,42
2016-03-09,26
2016-03-10,22
2016-03-11,3
2016-03-12,19
2016-03-13,63
2016-03-14,24
2016-03-15,27
2016-03-16,18
2016-03-17,29
2016-03-18,5
2016-03-19,43
2016-03-20,69
2016-03-21,37
2016-03-22,32
2016-03-23,30
2016-03-24,29
2016-03-25,7
2016-03-26,16
2016-03-27,0
2016-03-28,49
2016-03-29,39
2016-03-30,73
2016-03-31,57
2016-04-01,8
2016-04-02,79
2016-04-03,91
2016-04-04,27
2016-04-05,25
2016-04-06,52
2016-04-07,20
2016-04-08,9
2016-04-09,68
2016-04-10,67
2016-04-11,53
2016-04-12,22
2016-04-13,37
2016-04-14,46
2016-04-15,7
2016-04-16,39
2016-04-17,61
2016-04-18,28
2016-04-19,29
2016-04-20,42
2016-04-21,17
2016-04-22,6
2016-04-23,55
2016-04-24,132
2016-04-25,28
2016-04-26,24
2016-04-27,26
2016-04-28,18
2016-04-29,10
2016-04-30,72
2016-05-01,70
2016-05-02,8
2016-05-03,44
2016-05-04,25
2016-05-05,32
2016-05-06,7
2016-05-07,83
2016-05-08,34
2016-05-09,30
2016-05-10,41
2016-05-11,32
2016-05-12,21
2016-05-13,2
2016-05-14,118
2016-05-15,127
2016-05-16,50
2016-05-17,26
2016-05-18,34
2016-05-19,28
2016-05-20,7
2016-05-21,118
2016-05-22,234
2016-05-23,56
2016-05-24,57
2016-05-25,100
2016-05-26,105
2016-05-27,5
2016-05-28,561
2016-05-29,476
2016-05-30,1036
2016-05-31,412
2016-06-01,275
2016-06-02,673
2016-06-03,887
2016-06-04,756
2016-06-05,555
2016-06-06,804
2016-06-07,898
2016-06-08,992
2016-06-09,928
2016-06-10,842
2016-06-11,847
2016-06-12,550
2016-06-13,651
2016-06-14,925
2016-06-15,850
2016-06-16,760
2016-06-17,825
2016-06-18,836
2016-06-19,413
2016-06-20,736
2016-06-21,857
2016-06-22,756
2016-06-23,777
2016-06-24,737
2016-06-25,688
2016-06-26,357
2016-06-27,646
2016-06-28,709
2016-06-29,662
2016-06-30,381
2016-07-01,344
2016-07-02,416
2016-07-03,404
2016-07-04,481
2016-07-05,428
2016-07-06,685
2016-07-07,784
2016-07-08,641
2016-07-09,929
2016-07-10,546
2016-07-11,590
2016-07-12,688
2016-07-13,578
2016-07-14,670
2016-07-15,697
2016-07-16,791
2016-07-17,447
2016-07-18,518
2016-07-19,507
2016-07-20,601
2016-07-21,619
2016-07-22,636
2016-07-23,843
2016-07-24,394
2016-07-25,542
2016-07-26,529
2016-07-27,592
2016-07-28,711
2016-07-29,529
2016-07-30,606
2016-07-31,377
2016-08-01,554
2016-08-02,446
2016-08-03,516
2016-08-04,466
2016-08-05,300
2016-08-06,346
2016-08-07,307
2016-08-08,155
2016-08-09,159
2016-08-10,145
2016-08-11,63
2016-08-12,67
2016-08-13,376
2016-08-14,342
2016-08-15,77
2016-08-16,51
2016-08-17,87
2016-08-18,71
2016-08-19,61
2016-08-20,219
2016-08-21,137
2016-08-22,30
2016-08-23,35
2016-08-24,61
2016-08-25,48
2016-08-26,29
2016-08-27,186
2016-08-28,230
2016-08-29,31
2016-08-30,23
2016-08-31,13
2016-09-01,19
2016-09-02,7
2016-09-03,79
2016-09-04,79
2016-09-05,8
2016-09-06,11
2016-09-07,13
2016-09-08,22
2016-09-09,6
2016-09-10,47
2016-09-11,78
2016-09-12,2
2016-09-13,17
2016-09-14,23
2016-09-15,16
2016-09-16,4
2016-09-17,60
2016-09-18,55
2016-09-19,19
2016-09-20,11
2016-09-21,14
2016-09-22,18
2016-09-23,10
2016-09-24,37
2016-09-25,44
2016-09-26,17
2016-09-27,22
2016-09-28,27
2016-09-29,26
2016-09-30,5
2016-10-01,31
2016-10-02,68
2016-10-03,14
2016-10-04,17
2016-10-05,19
2016-10-06,9
2016-10-07,6
2016-10-08,31
2016-10-09,46
2016-10-10,17
2016-10-11,8
2016-10-12,21
2016-10-13,8
2016-10-14,4
2016-10-15,53
2016-10-16,80
2016-10-17,6
2016-10-18,14
2016-10-19,16
2016-10-20,12
2016-10-21,1
2016-10-22,38
2016-10-23,55
2016-10-24,14
2016-10-25,11
2016-10-26,8
2016-10-27,11
2016-10-28,4
2016-10-29,65
2016-10-30,62
2016-10-31,3
2016-11-01,18
2016-11-02,11
2016-11-03,10
2016-11-04,2
2016-11-05,38
2016-11-06,31
2016-11-07,10
2016-11-08,13
2016-11-09,14
2016-11-10,7
2016-11-11,11
2016-11-12,33
2016-11-13,38
2016-11-14,8
2016-11-15,6
2016-11-16,34
2016-11-17,7
2016-11-18,5
2016-11-19,33
2016-11-20,25
2016-11-21,2
2016-11-22,14
2016-11-23,14
2016-11-24,0
2016-11-25,6
2016-11-26,28
2016-11-27,43
2016-11-28,2
2016-11-29,15
2016-11-30,4
2016-12-01,7
2016-12-02,3
2016-12-03,8
2016-12-04,28
2016-12-05,10
2016-12-06,13
2016-12-07,4
2016-12-08,4
2016-12-09,3
2016-12-10,21
2016-12-11,29
2016-12-12,1
2016-12-13,11
2016-12-14,13
2016-12-15,6
2016-12-16,3
2016-12-17,14
2016-12-18,28
2016-12-19,2
2016-12-20,15
2016-12-21,10
2016-12-22,10
2016-12-23,25
2016-12-24,0
2016-12-25,0
2016-12-26,11
2016-12-27,12
2016-12-28,17
2016-12-29,27
2016-12-30,3
2016-12-31,0
